,precision,recall,f1-score,support
academic_education,0.9927360774818402,1.0,0.9963547995139732,820.0
accounting_audit,1.0,1.0,1.0,790.0
aerospace_automotive,0.9487485101311085,0.9875930521091811,0.9677811550151977,806.0
agriculture_farming,1.0,1.0,1.0,798.0
allied_health,1.0,0.9933244325767691,0.9966510381781648,749.0
alternative_wellness,1.0,0.9959785522788204,0.9979852249832102,746.0
automotive_repair,0.994413407821229,0.948069241011984,0.9706884798909339,751.0
chemical_materials,0.9828722002635046,0.9933422103861518,0.9880794701986755,751.0
civil_construction,0.9934036939313984,0.9894875164257556,0.9914417379855168,761.0
cloud_devops,0.9891696750902527,0.9939540507859734,0.9915560916767189,827.0
construction_trades,1.0,0.9937888198757764,0.9968847352024921,805.0
consulting_strategy,0.998661311914324,0.9880794701986755,0.9933422103861518,755.0
corporate_management,0.9850560398505604,0.9974779319041615,0.9912280701754387,793.0
corporate_training,0.9985935302390999,0.9916201117318436,0.9950946040644709,716.0
cybersecurity_it,0.9826946847960445,1.0,0.9912718204488778,795.0
data_science_ai,0.9963636363636363,1.0,0.9981785063752276,822.0
design_visual_arts,0.9940758293838863,1.0,0.9970291146761735,839.0
educational_technology,1.0,1.0,1.0,762.0
electrical_electronics_eng,0.9986091794158554,0.9889807162534435,0.9937716262975778,726.0
entrepreneurship,1.0,1.0,1.0,768.0
environmental_sustainability,1.0,0.9948586118251928,0.9974226804123711,778.0
film_video_production,0.9841269841269841,0.9938347718865598,0.9889570552147239,811.0
finance_investment,1.0,1.0,1.0,800.0
food_beverage,0.9929078014184397,0.9988109393579072,0.995850622406639,841.0
gaming_xr,1.0,1.0,1.0,846.0
hardware_electronics,0.9879081015719468,0.9987775061124694,0.9933130699088146,818.0
hospitality_tourism,0.9987129987129987,0.9923273657289002,0.9955099422706863,782.0
legal_services,1.0,1.0,1.0,824.0
life_sciences,0.9943977591036415,0.9752747252747253,0.9847434119278778,728.0
manufacturing_production,0.9848714069591528,0.9489795918367347,0.9665924276169265,686.0
mechanical_industrial,0.9410187667560321,0.9564032697547684,0.9486486486486486,734.0
medical_clinical,1.0,1.0,1.0,818.0
mental_health_therapy,0.9870801033591732,1.0,0.9934980494148244,764.0
music_audio,0.9975278121137207,0.9950678175092479,0.9962962962962963,811.0
nonprofit_social_services,1.0,1.0,1.0,774.0
performing_arts,1.0,1.0,1.0,819.0
personal_services,1.0,0.9975278121137207,0.9987623762376239,809.0
pharmaceutical_biotech,0.9760956175298805,1.0,0.9879032258064516,735.0
physical_sciences,0.9881578947368421,0.9829842931937173,0.9855643044619422,764.0
public_health,1.0,1.0,1.0,740.0
public_policy_government,1.0,1.0,1.0,763.0
retail_ecommerce,0.9910256410256411,0.9897567221510883,0.9903907751441384,781.0
sales_business_dev,0.9899874843554443,1.0,0.9949685534591194,791.0
social_sciences,1.0,0.9874125874125874,0.9936664320900774,715.0
software_development,1.0,0.9963898916967509,0.9981916817359855,831.0
telecommunications,1.0,0.9935649935649936,0.9967721110393803,777.0
transportation_logistics,1.0,0.9856957087126138,0.9927963326784546,769.0
writing_publishing,0.9949685534591195,0.9987373737373737,0.9968494013862633,792.0
accuracy,0.9929831114431312,0.9929831114431312,0.9929831114431312,0.9929831114431312
macro avg,0.993003847956495,0.9926687518209976,0.9927924184005427,37481.0
weighted avg,0.9930688621988242,0.9929831114431312,0.9929835717501935,37481.0
